concept_code,concept_name,concept_id,vocabulary_id,pcornet_vocabulary_id
E10,Type 1 diabetes mellitus,NA,ICD10CM,10
E10.0,"Type 1 diabetes mellitus, With coma",NA,ICD10CM,10
E10.1,"Type 1 diabetes mellitus, With ketoacidosis",NA,ICD10CM,10
E10.2,"Type 1 diabetes mellitus, With renal complications",NA,ICD10CM,10
E10.3,"Type 1 diabetes mellitus, With ophthalmic complications",NA,ICD10CM,10
E10.4,"Type 1 diabetes mellitus, With neurological complications",NA,ICD10CM,10
E10.5,"Type 1 diabetes mellitus, With peripheral circulatory complications",NA,ICD10CM,10
E10.6,"Type 1 diabetes mellitus, With other specified complications",NA,ICD10CM,10
E10.7,"Type 1 diabetes mellitus, With multiple complications",NA,ICD10CM,10
E10.8,"Type 1 diabetes mellitus, With unspecified complications",NA,ICD10CM,10
E10.9,"Type 1 diabetes mellitus, Without complications",NA,ICD10CM,10
E10-E14,Diabetes mellitus,NA,ICD10CM,10
E11,Type 2 diabetes mellitus,NA,ICD10CM,10
E11.0,"Type 2 diabetes mellitus, with coma",NA,ICD10CM,10
E11.1,"Type 2 diabetes mellitus, with ketoacidosis",NA,ICD10CM,10
E11.2,"Type 2 diabetes mellitus, with renal complications",NA,ICD10CM,10
E11.3,"Type 2 diabetes mellitus, with ophthalmic complications",NA,ICD10CM,10
E11.4,"Type 2 diabetes mellitus, with neurological complications",NA,ICD10CM,10
E11.5,"Type 2 diabetes mellitus, with peripheral circulatory complications",NA,ICD10CM,10
E11.6,"Type 2 diabetes mellitus, with other specified complications",NA,ICD10CM,10
E11.7,"Type 2 diabetes mellitus, with multiple complications",NA,ICD10CM,10
E11.8,"Type 2 diabetes mellitus, with unspecified complications",NA,ICD10CM,10
E11.9,"Type 2 diabetes mellitus, without complications",NA,ICD10CM,10
E10,Type 1 diabetes mellitus,NA,ICD10CM,10
E10.1,Type 1 diabetes mellitus with ketoacidosis,NA,ICD10CM,10
E10.10,Type 1 diabetes mellitus with ketoacidosis without coma,NA,ICD10CM,10
E10.11,Type 1 diabetes mellitus with ketoacidosis with coma,NA,ICD10CM,10
E10.2,Type 1 diabetes mellitus with kidney complications,NA,ICD10CM,10
E10.21,Type 1 diabetes mellitus with diabetic nephropathy,NA,ICD10CM,10
E10.22,Type 1 diabetes mellitus with diabetic chronic kidney disease,NA,ICD10CM,10
E10.29,Type 1 diabetes mellitus with other diabetic kidney complication,NA,ICD10CM,10
E10.3,Type 1 diabetes mellitus with ophthalmic complications,NA,ICD10CM,10
E10.31,Type 1 diabetes mellitus with unspecified diabetic retinopathy,NA,ICD10CM,10
E10.311,Type 1 diabetes mellitus with unspecified diabetic retinopathy with macular edema,NA,ICD10CM,10
E10.319,Type 1 diabetes mellitus with unspecified diabetic retinopathy without macular edema,NA,ICD10CM,10
E10.32,Type 1 diabetes mellitus with mild nonproliferative diabetic retinopathy,NA,ICD10CM,10
E10.321,Type 1 diabetes mellitus with mild nonproliferative diabetic retinopathy with macular edema,NA,ICD10CM,10
E10.3211,"Type 1 diabetes mellitus with mild nonproliferative diabetic retinopathy with macular edema, right eye",NA,ICD10CM,10
E10.3212,"Type 1 diabetes mellitus with mild nonproliferative diabetic retinopathy with macular edema, left eye",NA,ICD10CM,10
E10.3213,"Type 1 diabetes mellitus with mild nonproliferative diabetic retinopathy with macular edema, bilateral",NA,ICD10CM,10
E10.3219,"Type 1 diabetes mellitus with mild nonproliferative diabetic retinopathy with macular edema, unspecified eye",NA,ICD10CM,10
E10.329,Type 1 diabetes mellitus with mild nonproliferative diabetic retinopathy without macular edema,NA,ICD10CM,10
E10.3291,"Type 1 diabetes mellitus with mild nonproliferative diabetic retinopathy without macular edema, right eye",NA,ICD10CM,10
E10.3292,"Type 1 diabetes mellitus with mild nonproliferative diabetic retinopathy without macular edema, left eye",NA,ICD10CM,10
E10.3293,"Type 1 diabetes mellitus with mild nonproliferative diabetic retinopathy without macular edema, bilateral",NA,ICD10CM,10
E10.3299,"Type 1 diabetes mellitus with mild nonproliferative diabetic retinopathy without macular edema, unspecified eye",NA,ICD10CM,10
E10.33,Type 1 diabetes mellitus with moderate nonproliferative diabetic retinopathy,NA,ICD10CM,10
E10.331,Type 1 diabetes mellitus with moderate nonproliferative diabetic retinopathy with macular edema,NA,ICD10CM,10
E10.3311,"Type 1 diabetes mellitus with moderate nonproliferative diabetic retinopathy with macular edema, right eye",NA,ICD10CM,10
E10.3312,"Type 1 diabetes mellitus with moderate nonproliferative diabetic retinopathy with macular edema, left eye",NA,ICD10CM,10
E10.3313,"Type 1 diabetes mellitus with moderate nonproliferative diabetic retinopathy with macular edema, bilateral",NA,ICD10CM,10
E10.3319,"Type 1 diabetes mellitus with moderate nonproliferative diabetic retinopathy with macular edema, unspecified eye",NA,ICD10CM,10
E10.339,Type 1 diabetes mellitus with moderate nonproliferative diabetic retinopathy without macular edema,NA,ICD10CM,10
E10.3391,"Type 1 diabetes mellitus with moderate nonproliferative diabetic retinopathy without macular edema, right eye",NA,ICD10CM,10
E10.3392,"Type 1 diabetes mellitus with moderate nonproliferative diabetic retinopathy without macular edema, left eye",NA,ICD10CM,10
E10.3393,"Type 1 diabetes mellitus with moderate nonproliferative diabetic retinopathy without macular edema, bilateral",NA,ICD10CM,10
E10.3399,"Type 1 diabetes mellitus with moderate nonproliferative diabetic retinopathy without macular edema, unspecified eye",NA,ICD10CM,10
E10.34,Type 1 diabetes mellitus with severe nonproliferative diabetic retinopathy,NA,ICD10CM,10
E10.341,Type 1 diabetes mellitus with severe nonproliferative diabetic retinopathy with macular edema,NA,ICD10CM,10
E10.3411,"Type 1 diabetes mellitus with severe nonproliferative diabetic retinopathy with macular edema, right eye",NA,ICD10CM,10
E10.3412,"Type 1 diabetes mellitus with severe nonproliferative diabetic retinopathy with macular edema, left eye",NA,ICD10CM,10
E10.3413,"Type 1 diabetes mellitus with severe nonproliferative diabetic retinopathy with macular edema, bilateral",NA,ICD10CM,10
E10.3419,"Type 1 diabetes mellitus with severe nonproliferative diabetic retinopathy with macular edema, unspecified eye",NA,ICD10CM,10
E10.349,Type 1 diabetes mellitus with severe nonproliferative diabetic retinopathy without macular edema,NA,ICD10CM,10
E10.3491,"Type 1 diabetes mellitus with severe nonproliferative diabetic retinopathy without macular edema, right eye",NA,ICD10CM,10
E10.3492,"Type 1 diabetes mellitus with severe nonproliferative diabetic retinopathy without macular edema, left eye",NA,ICD10CM,10
E10.3493,"Type 1 diabetes mellitus with severe nonproliferative diabetic retinopathy without macular edema, bilateral",NA,ICD10CM,10
E10.3499,"Type 1 diabetes mellitus with severe nonproliferative diabetic retinopathy without macular edema, unspecified eye",NA,ICD10CM,10
E10.35,Type 1 diabetes mellitus with proliferative diabetic retinopathy,NA,ICD10CM,10
E10.351,Type 1 diabetes mellitus with proliferative diabetic retinopathy with macular edema,NA,ICD10CM,10
E10.3511,"Type 1 diabetes mellitus with proliferative diabetic retinopathy with macular edema, right eye",NA,ICD10CM,10
E10.3512,"Type 1 diabetes mellitus with proliferative diabetic retinopathy with macular edema, left eye",NA,ICD10CM,10
E10.3513,"Type 1 diabetes mellitus with proliferative diabetic retinopathy with macular edema, bilateral",NA,ICD10CM,10
E10.3519,"Type 1 diabetes mellitus with proliferative diabetic retinopathy with macular edema, unspecified eye",NA,ICD10CM,10
E10.352,Type 1 diabetes mellitus with proliferative diabetic retinopathy with traction retinal detachment involving the macula,NA,ICD10CM,10
E10.3521,"Type 1 diabetes mellitus with proliferative diabetic retinopathy with traction retinal detachment involving the macula, right eye",NA,ICD10CM,10
E10.3522,"Type 1 diabetes mellitus with proliferative diabetic retinopathy with traction retinal detachment involving the macula, left eye",NA,ICD10CM,10
E10.3523,"Type 1 diabetes mellitus with proliferative diabetic retinopathy with traction retinal detachment involving the macula, bilateral",NA,ICD10CM,10
E10.3529,"Type 1 diabetes mellitus with proliferative diabetic retinopathy with traction retinal detachment involving the macula, unspecified eye",NA,ICD10CM,10
E10.353,Type 1 diabetes mellitus with proliferative diabetic retinopathy with traction retinal detachment not involving the macula,NA,ICD10CM,10
E10.3531,"Type 1 diabetes mellitus with proliferative diabetic retinopathy with traction retinal detachment not involving the macula, right eye",NA,ICD10CM,10
E10.3532,"Type 1 diabetes mellitus with proliferative diabetic retinopathy with traction retinal detachment not involving the macula, left eye",NA,ICD10CM,10
E10.3533,"Type 1 diabetes mellitus with proliferative diabetic retinopathy with traction retinal detachment not involving the macula, bilateral",NA,ICD10CM,10
E10.3539,"Type 1 diabetes mellitus with proliferative diabetic retinopathy with traction retinal detachment not involving the macula, unspecified eye",NA,ICD10CM,10
E10.354,Type 1 diabetes mellitus with proliferative diabetic retinopathy with combined traction retinal detachment and rhegmatogenous retinal detachment,NA,ICD10CM,10
E10.3541,"Type 1 diabetes mellitus with proliferative diabetic retinopathy with combined traction retinal detachment and rhegmatogenous retinal detachment, right eye",NA,ICD10CM,10
E10.3542,"Type 1 diabetes mellitus with proliferative diabetic retinopathy with combined traction retinal detachment and rhegmatogenous retinal detachment, left eye",NA,ICD10CM,10
E10.3543,"Type 1 diabetes mellitus with proliferative diabetic retinopathy with combined traction retinal detachment and rhegmatogenous retinal detachment, bilateral",NA,ICD10CM,10
E10.3549,"Type 1 diabetes mellitus with proliferative diabetic retinopathy with combined traction retinal detachment and rhegmatogenous retinal detachment, unspecified eye",NA,ICD10CM,10
E10.355,Type 1 diabetes mellitus with stable proliferative diabetic retinopathy,NA,ICD10CM,10
E10.3551,"Type 1 diabetes mellitus with stable proliferative diabetic retinopathy, right eye",NA,ICD10CM,10
E10.3552,"Type 1 diabetes mellitus with stable proliferative diabetic retinopathy, left eye",NA,ICD10CM,10
E10.3553,"Type 1 diabetes mellitus with stable proliferative diabetic retinopathy, bilateral",NA,ICD10CM,10
E10.3559,"Type 1 diabetes mellitus with stable proliferative diabetic retinopathy, unspecified eye",NA,ICD10CM,10
E10.359,Type 1 diabetes mellitus with proliferative diabetic retinopathy without macular edema,NA,ICD10CM,10
E10.3591,"Type 1 diabetes mellitus with proliferative diabetic retinopathy without macular edema, right eye",NA,ICD10CM,10
E10.3592,"Type 1 diabetes mellitus with proliferative diabetic retinopathy without macular edema, left eye",NA,ICD10CM,10
E10.3593,"Type 1 diabetes mellitus with proliferative diabetic retinopathy without macular edema, bilateral",NA,ICD10CM,10
E10.3599,"Type 1 diabetes mellitus with proliferative diabetic retinopathy without macular edema, unspecified eye",NA,ICD10CM,10
E10.36,Type 1 diabetes mellitus with diabetic cataract,NA,ICD10CM,10
E10.37,"Type 1 diabetes mellitus with diabetic macular edema, resolved following treatment",NA,ICD10CM,10
E10.37X1,"Type 1 diabetes mellitus with diabetic macular edema, resolved following treatment, right eye",NA,ICD10CM,10
E10.37X2,"Type 1 diabetes mellitus with diabetic macular edema, resolved following treatment, left eye",NA,ICD10CM,10
E10.37X3,"Type 1 diabetes mellitus with diabetic macular edema, resolved following treatment, bilateral",NA,ICD10CM,10
E10.37X9,"Type 1 diabetes mellitus with diabetic macular edema, resolved following treatment, unspecified eye",NA,ICD10CM,10
E10.39,Type 1 diabetes mellitus with other diabetic ophthalmic complication,NA,ICD10CM,10
E10.4,Type 1 diabetes mellitus with neurological complications,NA,ICD10CM,10
E10.40,"Type 1 diabetes mellitus with diabetic neuropathy, unspecified",NA,ICD10CM,10
E10.41,Type 1 diabetes mellitus with diabetic mononeuropathy,NA,ICD10CM,10
E10.42,Type 1 diabetes mellitus with diabetic polyneuropathy,NA,ICD10CM,10
E10.43,Type 1 diabetes mellitus with diabetic autonomic (poly)neuropathy,NA,ICD10CM,10
E10.44,Type 1 diabetes mellitus with diabetic amyotrophy,NA,ICD10CM,10
E10.49,Type 1 diabetes mellitus with other diabetic neurological complication,NA,ICD10CM,10
E10.5,Type 1 diabetes mellitus with circulatory complications,NA,ICD10CM,10
E10.51,Type 1 diabetes mellitus with diabetic peripheral angiopathy without gangrene,NA,ICD10CM,10
E10.52,Type 1 diabetes mellitus with diabetic peripheral angiopathy with gangrene,NA,ICD10CM,10
E10.59,Type 1 diabetes mellitus with other circulatory complications,NA,ICD10CM,10
E10.6,Type 1 diabetes mellitus with other specified complications,NA,ICD10CM,10
E10.61,Type 1 diabetes mellitus with diabetic arthropathy,NA,ICD10CM,10
E10.610,Type 1 diabetes mellitus with diabetic neuropathic arthropathy,NA,ICD10CM,10
E10.618,Type 1 diabetes mellitus with other diabetic arthropathy,NA,ICD10CM,10
E10.62,Type 1 diabetes mellitus with skin complications,NA,ICD10CM,10
E10.620,Type 1 diabetes mellitus with diabetic dermatitis,NA,ICD10CM,10
E10.621,Type 1 diabetes mellitus with foot ulcer,NA,ICD10CM,10
E10.622,Type 1 diabetes mellitus with other skin ulcer,NA,ICD10CM,10
E10.628,Type 1 diabetes mellitus with other skin complications,NA,ICD10CM,10
E10.63,Type 1 diabetes mellitus with oral complications,NA,ICD10CM,10
E10.630,Type 1 diabetes mellitus with periodontal disease,NA,ICD10CM,10
E10.638,Type 1 diabetes mellitus with other oral complications,NA,ICD10CM,10
E10.64,Type 1 diabetes mellitus with hypoglycemia,NA,ICD10CM,10
E10.640,Type 1 diabetes mellitus with hypoglycemia without coma,NA,ICD10CM,10
E10.641,Type 1 diabetes mellitus with hypoglycemia with coma,NA,ICD10CM,10
E10.649,Type 1 diabetes mellitus with hypoglycemia without coma,NA,ICD10CM,10
E10.65,Type 1 diabetes mellitus with hyperglycemia,NA,ICD10CM,10
E10.69,Type 1 diabetes mellitus with other specified complication,NA,ICD10CM,10
E10.8,Type 1 diabetes mellitus with unspecified complications,NA,ICD10CM,10
E10.9,Type 1 diabetes mellitus without complications,NA,ICD10CM,10
E11,Type 2 diabetes mellitus,NA,ICD10CM,10
E11.0,Type 2 diabetes mellitus with hyperosmolarity,NA,ICD10CM,10
E11.00,Type 2 diabetes mellitus with hyperosmolarity without nonketotic hyperglycemic-hyperosmolar coma (NKHHC),NA,ICD10CM,10
E11.01,Type 2 diabetes mellitus with hyperosmolarity with coma,NA,ICD10CM,10
E11.1,Type 2 diabetes mellitus with ketoacidosis,NA,ICD10CM,10
E11.10,Type 2 diabetes mellitus with ketoacidosis without coma,NA,ICD10CM,10
E11.11,Type 2 diabetes mellitus with ketoacidosis with coma,NA,ICD10CM,10
E11.2,Type 2 diabetes mellitus with kidney complications,NA,ICD10CM,10
E11.21,Type 2 diabetes mellitus with diabetic nephropathy,NA,ICD10CM,10
E11.22,Type 2 diabetes mellitus with diabetic chronic kidney disease,NA,ICD10CM,10
E11.29,Type 2 diabetes mellitus with other diabetic kidney complication,NA,ICD10CM,10
E11.3,Type 2 diabetes mellitus with ophthalmic complications,NA,ICD10CM,10
E11.31,Type 2 diabetes mellitus with unspecified diabetic retinopathy,NA,ICD10CM,10
E11.311,Type 2 diabetes mellitus with unspecified diabetic retinopathy with macular edema,NA,ICD10CM,10
E11.319,Type 2 diabetes mellitus with unspecified diabetic retinopathy without macular edema,NA,ICD10CM,10
E11.32,Type 2 diabetes mellitus with mild nonproliferative diabetic retinopathy,NA,ICD10CM,10
E11.321,Type 2 diabetes mellitus with mild nonproliferative diabetic retinopathy with macular edema,NA,ICD10CM,10
E11.3211,"Type 2 diabetes mellitus with mild nonproliferative diabetic retinopathy with macular edema, right eye",NA,ICD10CM,10
E11.3212,"Type 2 diabetes mellitus with mild nonproliferative diabetic retinopathy with macular edema, left eye",NA,ICD10CM,10
E11.3213,"Type 2 diabetes mellitus with mild nonproliferative diabetic retinopathy with macular edema, bilateral",NA,ICD10CM,10
E11.3219,"Type 2 diabetes mellitus with mild nonproliferative diabetic retinopathy with macular edema, unspecified eye",NA,ICD10CM,10
E11.329,Type 2 diabetes mellitus with mild nonproliferative diabetic retinopathy without macular edema,NA,ICD10CM,10
E11.3291,"Type 2 diabetes mellitus with mild nonproliferative diabetic retinopathy without macular edema, right eye",NA,ICD10CM,10
E11.3292,"Type 2 diabetes mellitus with mild nonproliferative diabetic retinopathy without macular edema, left eye",NA,ICD10CM,10
E11.3293,"Type 2 diabetes mellitus with mild nonproliferative diabetic retinopathy without macular edema, bilateral",NA,ICD10CM,10
E11.3299,"Type 2 diabetes mellitus with mild nonproliferative diabetic retinopathy without macular edema, unspecified eye",NA,ICD10CM,10
E11.33,Type 2 diabetes mellitus with moderate nonproliferative diabetic retinopathy,NA,ICD10CM,10
E11.331,Type 2 diabetes mellitus with moderate nonproliferative diabetic retinopathy with macular edema,NA,ICD10CM,10
E11.3311,"Type 2 diabetes mellitus with moderate nonproliferative diabetic retinopathy with macular edema, right eye",NA,ICD10CM,10
E11.3312,"Type 2 diabetes mellitus with moderate nonproliferative diabetic retinopathy with macular edema, left eye",NA,ICD10CM,10
E11.3313,"Type 2 diabetes mellitus with moderate nonproliferative diabetic retinopathy with macular edema, bilateral",NA,ICD10CM,10
E11.3319,"Type 2 diabetes mellitus with moderate nonproliferative diabetic retinopathy with macular edema, unspecified eye",NA,ICD10CM,10
E11.339,Type 2 diabetes mellitus with moderate nonproliferative diabetic retinopathy without macular edema,NA,ICD10CM,10
E11.3391,"Type 2 diabetes mellitus with moderate nonproliferative diabetic retinopathy without macular edema, right eye",NA,ICD10CM,10
E11.3392,"Type 2 diabetes mellitus with moderate nonproliferative diabetic retinopathy without macular edema, left eye",NA,ICD10CM,10
E11.3393,"Type 2 diabetes mellitus with moderate nonproliferative diabetic retinopathy without macular edema, bilateral",NA,ICD10CM,10
E11.3399,"Type 2 diabetes mellitus with moderate nonproliferative diabetic retinopathy without macular edema, unspecified eye",NA,ICD10CM,10
E11.34,Type 2 diabetes mellitus with severe nonproliferative diabetic retinopathy,NA,ICD10CM,10
E11.341,Type 2 diabetes mellitus with severe nonproliferative diabetic retinopathy with macular edema,NA,ICD10CM,10
E11.3411,"Type 2 diabetes mellitus with severe nonproliferative diabetic retinopathy with macular edema, right eye",NA,ICD10CM,10
E11.3412,"Type 2 diabetes mellitus with severe nonproliferative diabetic retinopathy with macular edema, left eye",NA,ICD10CM,10
E11.3413,"Type 2 diabetes mellitus with severe nonproliferative diabetic retinopathy with macular edema, bilateral",NA,ICD10CM,10
E11.3419,"Type 2 diabetes mellitus with severe nonproliferative diabetic retinopathy with macular edema, unspecified eye",NA,ICD10CM,10
E11.349,Type 2 diabetes mellitus with severe nonproliferative diabetic retinopathy without macular edema,NA,ICD10CM,10
E11.3491,"Type 2 diabetes mellitus with severe nonproliferative diabetic retinopathy without macular edema, right eye",NA,ICD10CM,10
E11.3492,"Type 2 diabetes mellitus with severe nonproliferative diabetic retinopathy without macular edema, left eye",NA,ICD10CM,10
E11.3493,"Type 2 diabetes mellitus with severe nonproliferative diabetic retinopathy without macular edema, bilateral",NA,ICD10CM,10
E11.3499,"Type 2 diabetes mellitus with severe nonproliferative diabetic retinopathy without macular edema, unspecified eye",NA,ICD10CM,10
E11.35,Type 2 diabetes mellitus with proliferative diabetic retinopathy,NA,ICD10CM,10
E11.351,Type 2 diabetes mellitus with proliferative diabetic retinopathy with macular edema,NA,ICD10CM,10
E11.3511,"Type 2 diabetes mellitus with proliferative diabetic retinopathy with macular edema, right eye",NA,ICD10CM,10
E11.3512,"Type 2 diabetes mellitus with proliferative diabetic retinopathy with macular edema, left eye",NA,ICD10CM,10
E11.3513,"Type 2 diabetes mellitus with proliferative diabetic retinopathy with macular edema, bilateral",NA,ICD10CM,10
E11.3519,"Type 2 diabetes mellitus with proliferative diabetic retinopathy with macular edema, unspecified eye",NA,ICD10CM,10
E11.352,Type 2 diabetes mellitus with proliferative diabetic retinopathy with traction retinal detachment involving the macula,NA,ICD10CM,10
E11.3521,"Type 2 diabetes mellitus with proliferative diabetic retinopathy with traction retinal detachment involving the macula, right eye",NA,ICD10CM,10
E11.3522,"Type 2 diabetes mellitus with proliferative diabetic retinopathy with traction retinal detachment involving the macula, left eye",NA,ICD10CM,10
E11.3523,"Type 2 diabetes mellitus with proliferative diabetic retinopathy with traction retinal detachment involving the macula, bilateral",NA,ICD10CM,10
E11.3529,"Type 2 diabetes mellitus with proliferative diabetic retinopathy with traction retinal detachment involving the macula, unspecified eye",NA,ICD10CM,10
E11.353,Type 2 diabetes mellitus with proliferative diabetic retinopathy with traction retinal detachment not involving the macula,NA,ICD10CM,10
E11.3531,"Type 2 diabetes mellitus with proliferative diabetic retinopathy with traction retinal detachment not involving the macula, right eye",NA,ICD10CM,10
E11.3532,"Type 2 diabetes mellitus with proliferative diabetic retinopathy with traction retinal detachment not involving the macula, left eye",NA,ICD10CM,10
E11.3533,"Type 2 diabetes mellitus with proliferative diabetic retinopathy with traction retinal detachment not involving the macula, bilateral",NA,ICD10CM,10
E11.3539,"Type 2 diabetes mellitus with proliferative diabetic retinopathy with traction retinal detachment not involving the macula, unspecified eye",NA,ICD10CM,10
E11.354,Type 2 diabetes mellitus with proliferative diabetic retinopathy with combined traction retinal detachment and rhegmatogenous retinal detachment,NA,ICD10CM,10
E11.3541,"Type 2 diabetes mellitus with proliferative diabetic retinopathy with combined traction retinal detachment and rhegmatogenous retinal detachment, right eye",NA,ICD10CM,10
E11.3542,"Type 2 diabetes mellitus with proliferative diabetic retinopathy with combined traction retinal detachment and rhegmatogenous retinal detachment, left eye",NA,ICD10CM,10
E11.3543,"Type 2 diabetes mellitus with proliferative diabetic retinopathy with combined traction retinal detachment and rhegmatogenous retinal detachment, bilateral",NA,ICD10CM,10
E11.3549,"Type 2 diabetes mellitus with proliferative diabetic retinopathy with combined traction retinal detachment and rhegmatogenous retinal detachment, unspecified eye",NA,ICD10CM,10
E11.355,Type 2 diabetes mellitus with stable proliferative diabetic retinopathy,NA,ICD10CM,10
E11.3551,"Type 2 diabetes mellitus with stable proliferative diabetic retinopathy, right eye",NA,ICD10CM,10
E11.3552,"Type 2 diabetes mellitus with stable proliferative diabetic retinopathy, left eye",NA,ICD10CM,10
E11.3553,"Type 2 diabetes mellitus with stable proliferative diabetic retinopathy, bilateral",NA,ICD10CM,10
E11.3559,"Type 2 diabetes mellitus with stable proliferative diabetic retinopathy, unspecified eye",NA,ICD10CM,10
E11.359,Type 2 diabetes mellitus with proliferative diabetic retinopathy without macular edema,NA,ICD10CM,10
E11.3591,"Type 2 diabetes mellitus with proliferative diabetic retinopathy without macular edema, right eye",NA,ICD10CM,10
E11.3592,"Type 2 diabetes mellitus with proliferative diabetic retinopathy without macular edema, left eye",NA,ICD10CM,10
E11.3593,"Type 2 diabetes mellitus with proliferative diabetic retinopathy without macular edema, bilateral",NA,ICD10CM,10
E11.3599,"Type 2 diabetes mellitus with proliferative diabetic retinopathy without macular edema, unspecified eye",NA,ICD10CM,10
E11.36,Type 2 diabetes mellitus with diabetic cataract,NA,ICD10CM,10
E11.37,"Type 2 diabetes mellitus with diabetic macular edema, resolved following treatment",NA,ICD10CM,10
E11.37X1,"Type 2 diabetes mellitus with diabetic macular edema, resolved following treatment, right eye",NA,ICD10CM,10
E11.37X2,"Type 2 diabetes mellitus with diabetic macular edema, resolved following treatment, left eye",NA,ICD10CM,10
E11.37X3,"Type 2 diabetes mellitus with diabetic macular edema, resolved following treatment, bilateral",NA,ICD10CM,10
E11.37X9,"Type 2 diabetes mellitus with diabetic macular edema, resolved following treatment, unspecified eye",NA,ICD10CM,10
E11.39,Type 2 diabetes mellitus with other diabetic ophthalmic complication,NA,ICD10CM,10
E11.4,Type 2 diabetes mellitus with neurological complications,NA,ICD10CM,10
E11.40,"Type 2 diabetes mellitus with diabetic neuropathy, unspecified",NA,ICD10CM,10
E11.41,Type 2 diabetes mellitus with diabetic mononeuropathy,NA,ICD10CM,10
E11.42,Type 2 diabetes mellitus with diabetic polyneuropathy,NA,ICD10CM,10
E11.43,Type 2 diabetes mellitus with diabetic autonomic (poly)neuropathy,NA,ICD10CM,10
E11.44,Type 2 diabetes mellitus with diabetic amyotrophy,NA,ICD10CM,10
E11.49,Type 2 diabetes mellitus with other diabetic neurological complication,NA,ICD10CM,10
E11.5,Type 2 diabetes mellitus with circulatory complications,NA,ICD10CM,10
E11.51,Type 2 diabetes mellitus with diabetic peripheral angiopathy without gangrene,NA,ICD10CM,10
E11.52,Type 2 diabetes mellitus with diabetic peripheral angiopathy with gangrene,NA,ICD10CM,10
E11.59,Type 2 diabetes mellitus with other circulatory complications,NA,ICD10CM,10
E11.6,Type 2 diabetes mellitus with other specified complications,NA,ICD10CM,10
E11.61,Type 2 diabetes mellitus with diabetic arthropathy,NA,ICD10CM,10
E11.610,Type 2 diabetes mellitus with diabetic neuropathic arthropathy,NA,ICD10CM,10
E11.618,Type 2 diabetes mellitus with other diabetic arthropathy,NA,ICD10CM,10
E11.62,Type 2 diabetes mellitus with skin complications,NA,ICD10CM,10
E11.620,Type 2 diabetes mellitus with diabetic dermatitis,NA,ICD10CM,10
E11.621,Type 2 diabetes mellitus with foot ulcer,NA,ICD10CM,10
E11.622,Type 2 diabetes mellitus with other skin ulcer,NA,ICD10CM,10
E11.628,Type 2 diabetes mellitus with other skin complications,NA,ICD10CM,10
E11.63,Type 2 diabetes mellitus with oral complications,NA,ICD10CM,10
E11.630,Type 2 diabetes mellitus with periodontal disease,NA,ICD10CM,10
E11.638,Type 2 diabetes mellitus with other oral complications,NA,ICD10CM,10
E11.64,Type 2 diabetes mellitus with hypoglycemia,NA,ICD10CM,10
E11.640,Type 2 diabetes mellitus with hypoglycemia without coma,NA,ICD10CM,10
E11.641,Type 2 diabetes mellitus with hypoglycemia with coma,NA,ICD10CM,10
E11.649,Type 2 diabetes mellitus with hypoglycemia without coma,NA,ICD10CM,10
E11.65,Type 2 diabetes mellitus with hyperglycemia,NA,ICD10CM,10
E11.69,Type 2 diabetes mellitus with other specified complication,NA,ICD10CM,10
E11.8,Type 2 diabetes mellitus with unspecified complications,NA,ICD10CM,10
E11.9,Type 2 diabetes mellitus without complications,NA,ICD10CM,10
250,Diabetes mellitus,NA,ICD9CM,09
250.0,Diabetes mellitus without mention of complication,NA,ICD9CM,09
250.00,"Diabetes mellitus without mention of complication, type II or unspecified type, not stated as uncontrolled",NA,ICD9CM,09
250.01,"Diabetes mellitus without mention of complication, type I [juvenile type], not stated as uncontrolled",NA,ICD9CM,09
250.02,"Diabetes mellitus without mention of complication, type II or unspecified type, uncontrolled",NA,ICD9CM,09
250.03,"Diabetes mellitus without mention of complication, type I [juvenile type], uncontrolled",NA,ICD9CM,09
250.1,Diabetes with ketoacidosis,NA,ICD9CM,09
250.10,"Diabetes with ketoacidosis, type II or unspecified type, not stated as uncontrolled",NA,ICD9CM,09
250.11,"Diabetes with ketoacidosis, type I [juvenile type], not stated as uncontrolled",NA,ICD9CM,09
250.12,"Diabetes with ketoacidosis, type II or unspecified type, uncontrolled",NA,ICD9CM,09
250.13,"Diabetes with ketoacidosis, type I [juvenile type], uncontrolled",NA,ICD9CM,09
250.2,Diabetes mellitus with hyperosmolarity,NA,ICD9CM,09
250.20,"Diabetes with hyperosmolarity, type II or unspecified type, not stated as uncontrolled",NA,ICD9CM,09
250.21,"Diabetes with hyperosmolarity, type I [juvenile type], not stated as uncontrolled",NA,ICD9CM,09
250.22,"Diabetes with hyperosmolarity, type II or unspecified type, uncontrolled",NA,ICD9CM,09
250.23,"Diabetes with hyperosmolarity, type I [juvenile type], uncontrolled",NA,ICD9CM,09
250.3,Diabetes with other coma,NA,ICD9CM,09
250.30,"Diabetes with other coma, type II or unspecified type, not stated as uncontrolled",NA,ICD9CM,09
250.31,"Diabetes with other coma, type I [juvenile type], not stated as uncontrolled",NA,ICD9CM,09
250.32,"Diabetes with other coma, type II or unspecified type, uncontrolled",NA,ICD9CM,09
250.33,"Diabetes with other coma, type I [juvenile type], uncontrolled",NA,ICD9CM,09
250.4,Diabetes with renal manifestations,NA,ICD9CM,09
250.40,"Diabetes with renal manifestations, type II or unspecified type, not stated as uncontrolled",NA,ICD9CM,09
250.41,"Diabetes with renal manifestations, type I [juvenile type], not stated as uncontrolled",NA,ICD9CM,09
250.42,"Diabetes with renal manifestations, type II or unspecified type, uncontrolled",NA,ICD9CM,09
250.43,"Diabetes with renal manifestations, type I [juvenile type], uncontrolled",NA,ICD9CM,09
250.5,Diabetes with ophthalmic manifestations,NA,ICD9CM,09
250.50,"Diabetes with ophthalmic manifestations, type II or unspecified type, not stated as uncontrolled",NA,ICD9CM,09
250.51,"Diabetes with ophthalmic manifestations, type I [juvenile type], not stated as uncontrolled",NA,ICD9CM,09
250.52,"Diabetes with ophthalmic manifestations, type II or unspecified type, uncontrolled",NA,ICD9CM,09
250.53,"Diabetes with ophthalmic manifestations, type I [juvenile type], uncontrolled",NA,ICD9CM,09
250.6,Diabetes with neurological manifestations,NA,ICD9CM,09
250.60,"Diabetes with neurological manifestations, type II or unspecified type, not stated as uncontrolled",NA,ICD9CM,09
250.61,"Diabetes with neurological manifestations, type I [juvenile type], not stated as uncontrolled",NA,ICD9CM,09
250.62,"Diabetes with neurological manifestations, type II or unspecified type, uncontrolled",NA,ICD9CM,09
250.63,"Diabetes with neurological manifestations, type I [juvenile type], uncontrolled",NA,ICD9CM,09
250.7,Diabetes with peripheral circulatory disorders,NA,ICD9CM,09
250.70,"Diabetes with peripheral circulatory disorders, type II or unspecified type, not stated as uncontrolled",NA,ICD9CM,09
250.71,"Diabetes with peripheral circulatory disorders, type I [juvenile type], not stated as uncontrolled",NA,ICD9CM,09
250.72,"Diabetes with peripheral circulatory disorders, type II or unspecified type, uncontrolled",NA,ICD9CM,09
250.73,"Diabetes with peripheral circulatory disorders, type I [juvenile type], uncontrolled",NA,ICD9CM,09
250.8,Diabetes with other specified manifestations,NA,ICD9CM,09
250.80,"Diabetes with other specified manifestations, type II or unspecified type, not stated as uncontrolled",NA,ICD9CM,09
250.81,"Diabetes with other specified manifestations, type I [juvenile type], not stated as uncontrolled",NA,ICD9CM,09
250.82,"Diabetes with other specified manifestations, type II or unspecified type, uncontrolled",NA,ICD9CM,09
250.83,"Diabetes with other specified manifestations, type I [juvenile type], uncontrolled",NA,ICD9CM,09
250.9,Diabetes with unspecified complication,NA,ICD9CM,09
250.90,"Diabetes with unspecified complication, type II or unspecified type, not stated as uncontrolled",NA,ICD9CM,09
250.91,"Diabetes with unspecified complication, type I [juvenile type], not stated as uncontrolled",NA,ICD9CM,09
250.92,"Diabetes with unspecified complication, type II or unspecified type, uncontrolled",NA,ICD9CM,09
250.93,"Diabetes with unspecified complication, type I [juvenile type], uncontrolled",NA,ICD9CM,09
105401000119101,Diabetes mellitus due to pancreatic injury,NA,SNOMED,SM
1102351000000105,Ketosis-prone diabetes mellitus,NA,SNOMED,SM
111307005,Leprechaunism syndrome,NA,SNOMED,SM
111552007,Diabetes mellitus without complication,NA,SNOMED,SM
112991000000101,Lipoatrophic diabetes mellitus without complication,NA,SNOMED,SM
123763000,Houssay's syndrome,NA,SNOMED,SM
127012008,Lipoatrophic diabetes,NA,SNOMED,SM
1481000119100,Diabetes mellitus type 2 without retinopathy,NA,SNOMED,SM
190368000,Type 1 diabetes mellitus with ulcer,NA,SNOMED,SM
190372001,Type 1 diabetes mellitus maturity onset,NA,SNOMED,SM
190389009,Type 2 diabetes mellitus with ulcer,NA,SNOMED,SM
190407009,Malnutrition-related diabetes mellitus with renal complications,NA,SNOMED,SM
190410002,Malnutrition-related diabetes mellitus with peripheral circulatory complications,NA,SNOMED,SM
190412005,Malnutrition-related diabetes mellitus without complications,NA,SNOMED,SM
199229001,Pre-existing type 1 diabetes mellitus,NA,SNOMED,SM
199230006,Pre-existing type 2 diabetes mellitus,NA,SNOMED,SM
199231005,Pre-existing malnutrition-related diabetes mellitus,NA,SNOMED,SM
23045005,Insulin dependent diabetes mellitus type 1A,NA,SNOMED,SM
237599002,Insulin treated type 2 diabetes mellitus,NA,SNOMED,SM
237600004,Malnutrition-related diabetes mellitus - fibrocalculous,NA,SNOMED,SM
237601000,Secondary endocrine diabetes mellitus,NA,SNOMED,SM
237603002,Transient neonatal diabetes mellitus,NA,SNOMED,SM
237604008,"Maturity onset diabetes of the young, type 2",NA,SNOMED,SM
237612000,"Photomyoclonus, diabetes mellitus, deafness, nephropathy and cerebral dysfunction",NA,SNOMED,SM
237613005,Hyperproinsulinemia,NA,SNOMED,SM
237617006,"Megaloblastic anemia, thiamine-responsive, with diabetes mellitus and sensorineural deafness",NA,SNOMED,SM
237619009,Diabetes-deafness syndrome maternally transmitted,NA,SNOMED,SM
237651005,Insulin resistance - type A,NA,SNOMED,SM
237652003,Insulin resistance - type B,NA,SNOMED,SM
24203005,"Extreme insulin resistance with acanthosis nigricans, hirsutism AND abnormal insulin receptors",NA,SNOMED,SM
2751001,Fibrocalculous pancreatic diabetes,NA,SNOMED,SM
28032008,Insulin dependent diabetes mellitus type 1B,NA,SNOMED,SM
31321000119102,Diabetes mellitus type 1 without retinopathy,NA,SNOMED,SM
313435000,Type 1 diabetes mellitus without complication,NA,SNOMED,SM
313436004,Type 2 diabetes mellitus without complication,NA,SNOMED,SM
33559001,Rabson-Mendenhall syndrome,NA,SNOMED,SM
335621000000101,Maternally inherited diabetes mellitus,NA,SNOMED,SM
359642000,Type 2 diabetes mellitus in nonobese,NA,SNOMED,SM
367391000119102,Diabetes mellitus caused by drug without complication,NA,SNOMED,SM
368101000119109,Diabetes mellitus type 2 with periodontal disease,NA,SNOMED,SM
368521000119107,Disorder of nerve co-occurrent and due to type 1 diabetes mellitus,NA,SNOMED,SM
385041000000108,Diabetes mellitus with multiple complications,NA,SNOMED,SM
385051000000106,Pre-existing diabetes mellitus,NA,SNOMED,SM
408539000,Insulin autoimmune syndrome,NA,SNOMED,SM
426705001,Diabetes mellitus associated with cystic fibrosis,NA,SNOMED,SM
426875007,Latent autoimmune diabetes mellitus in adult,NA,SNOMED,SM
427089005,Diabetes mellitus due to cystic fibrosis,NA,SNOMED,SM
42954008,Diabetes mellitus associated with receptor abnormality,NA,SNOMED,SM
44054006,Type 2 diabetes mellitus,NA,SNOMED,SM
445260006,Posttransplant diabetes mellitus,NA,SNOMED,SM
46635009,Type 1 diabetes mellitus,NA,SNOMED,SM
49817004,Neonatal diabetes mellitus,NA,SNOMED,SM
51002006,Diabetes mellitus associated with pancreatic disease,NA,SNOMED,SM
530558861000132104,Atypical diabetes mellitus,NA,SNOMED,SM
57886004,Protein-deficient diabetes mellitus,NA,SNOMED,SM
59079001,Diabetes mellitus associated with hormonal etiology,NA,SNOMED,SM
5969009,Diabetes mellitus associated with genetic syndrome,NA,SNOMED,SM
609561005,Maturity-onset diabetes of the young,NA,SNOMED,SM
609562003,"Maturity onset diabetes of the young, type 1",NA,SNOMED,SM
609565001,Permanent neonatal diabetes mellitus,NA,SNOMED,SM
609568004,Diabetes mellitus due to genetic defect in beta cell function,NA,SNOMED,SM
609569007,Diabetes mellitus due to genetic defect in insulin action,NA,SNOMED,SM
609570008,"Maturity-onset diabetes of the young, type 3",NA,SNOMED,SM
609571007,"Maturity-onset diabetes of the young, type 4",NA,SNOMED,SM
609572000,"Maturity-onset diabetes of the young, type 5",NA,SNOMED,SM
609573005,"Maturity-onset diabetes of the young, type 6",NA,SNOMED,SM
609574004,"Maturity-onset diabetes of the young, type 7",NA,SNOMED,SM
609575003,"Maturity-onset diabetes of the young, type 8",NA,SNOMED,SM
609576002,"Maturity-onset diabetes of the young, type 9",NA,SNOMED,SM
609577006,"Maturity-onset diabetes of the young, type 10",NA,SNOMED,SM
609578001,"Maturity-onset diabetes of the young, type 11",NA,SNOMED,SM
609579009,"Diabetes mellitus, transient neonatal 1",NA,SNOMED,SM
609580007,"Diabetes mellitus, transient neonatal 2",NA,SNOMED,SM
609581006,"Diabetes mellitus, transient neonatal 3",NA,SNOMED,SM
703136005,Diabetes mellitus in remission,NA,SNOMED,SM
703137001,Type I diabetes mellitus in remission,NA,SNOMED,SM
703138006,Type II diabetes mellitus in remission,NA,SNOMED,SM
70694009,Diabetes mellitus AND insipidus with optic atrophy AND deafness,NA,SNOMED,SM
720519003,"Atherosclerosis, deafness, diabetes, epilepsy, nephropathy syndrome",NA,SNOMED,SM
721088003,DEND syndrome,NA,SNOMED,SM
722206009,"Pancreatic hypoplasia, diabetes mellitus, congenital heart disease syndrome",NA,SNOMED,SM
722454003,"Intellectual disability, craniofacial dysmorphism, hypogonadism, diabetes mellitus syndrome",NA,SNOMED,SM
724067006,Permanent neonatal diabetes mellitus with cerebellar agenesis syndrome,NA,SNOMED,SM
73211009,Diabetes mellitus,NA,SNOMED,SM
733072002,Stimmler syndrome,NA,SNOMED,SM
734022008,Wolfram-like syndrome,NA,SNOMED,SM
737212004,Diabetes mellitus caused by chemical,NA,SNOMED,SM
75524006,Malnutrition related diabetes mellitus,NA,SNOMED,SM
75682002,Diabetes mellitus due to insulin receptor antibodies,NA,SNOMED,SM
782755007,"Primary microcephaly, mild intellectual disability, young-onset diabetes syndrome",NA,SNOMED,SM
782825008,"Primary microcephaly, epilepsy, permanent neonatal diabetes syndrome",NA,SNOMED,SM
783722008,Myopathy and diabetes mellitus,NA,SNOMED,SM
81531005,Type 2 diabetes mellitus in obese,NA,SNOMED,SM
816067005,Woodhouse Sakati syndrome,NA,SNOMED,SM
8801005,Secondary diabetes mellitus,NA,SNOMED,SM
91352004,Diabetes mellitus due to structurally abnormal insulin,NA,SNOMED,SM
